"features","levels","decision","supportLHS","supportRHS","accuracyRHS","coverageLHS","coverageRHS","stabilityLHS","stabilityRHS","supportRatioLHS","supportRatioRHS","pValue","riskRatio","pValueRiskRatio","confIntRiskRatio"
"WASF3,PRPF40A","high,high","Sensitive",20,20,1,0.17544,0.34483,1,1,0.3125,0.3125,4.68337760568766e-05,Inf,0.000354901891165937,"-Inf:Inf"
"SSBP1,PRPF40A","low,low","Resistant",19,19,1,0.16667,0.30159,1,1,0.30159,0.30159,7.90319970959795e-05,Inf,0.000501587244366331,"-Inf:Inf"
"KIF21B,SERINC3","low,high","Resistant",17,17,1,0.14912,0.30909,1,1,0.26984,0.26984,0.000457774707816808,Inf,0.00209198828462376,"-Inf:Inf"
"ZNF207,GLB1L","low,high","Resistant",17,17,1,0.14912,0.26984,1,1,0.26984,0.26984,0.000457774707816808,Inf,0.00209198828462376,"-Inf:Inf"
"WASF3,TUFT1","high,low","Sensitive",17,17,1,0.14912,0.28333,1,1,0.26562,0.26562,0.000623352793622889,Inf,0.00288414654576874,"-Inf:Inf"
"TUFT1,GSK3A","low,high","Sensitive",17,17,1,0.14912,0.28333,1,1,0.26562,0.26562,0.000623352793622889,Inf,0.00288414654576874,"-Inf:Inf"
"TUFT1,ROPN1L","high,high","Resistant",16,16,1,0.14035,0.28571,1,1,0.25397,0.25397,0.0010811275014397,Inf,0.00420254858967128,"-Inf:Inf"
"SSBP1,EGFR","low,high","Resistant",16,16,1,0.14035,0.25397,1,1,0.25397,0.25397,0.0010811275014397,Inf,0.00420254858967128,"-Inf:Inf"
"EGFR,GLB1L","high,high","Resistant",16,16,1,0.14035,0.25397,1,1,0.25397,0.25397,0.0010811275014397,Inf,0.00420254858967128,"-Inf:Inf"
"STOML2,TANGO2","low,high","Resistant",16,16,1,0.14035,0.2963,1,1,0.25397,0.25397,0.0010811275014397,Inf,0.00420254858967128,"-Inf:Inf"
"EGFR,STOML2","high,low","Resistant",16,16,1,0.13675,0.27586,1,1,0.25397,0.25397,0.0010811275014397,Inf,0.00420254858967128,"-Inf:Inf"
"KIF21B,SH3GLB1","high,low","Sensitive",16,16,1,0.14035,0.27119,1,1,0.25,0.25,0.00144150333525293,Inf,0.00567509999268734,"-Inf:Inf"
"SERINC3,DDX6","low,high","Sensitive",16,16,1,0.14035,0.27119,1,1,0.25,0.25,0.00144150333525293,Inf,0.00567509999268734,"-Inf:Inf"
"EGFR,RPL41","high,low","Resistant",15,15,1,0.1309,0.26527,1,1,0.2381,0.2381,0.00252263083669263,Inf,0.00835572952629793,"-Inf:Inf"
"INTS6,SGCE","low,high","Resistant",15,15,1,0.12821,0.25862,1,1,0.2381,0.2381,0.00252263083669263,Inf,0.00835572952629793,"-Inf:Inf"
"SGCE,EGFR","high,high","Resistant",15,15,1,0.12821,0.25862,1,1,0.2381,0.2381,0.00252263083669263,Inf,0.00835572952629793,"-Inf:Inf"
"C16orf58,TGFB2","low,low","Sensitive",15,15,1,0.13357,0.25979,1,1,0.23438,0.23438,0.00329486476629241,Inf,0.0110561617678897,"-Inf:Inf"
"WASF3,ROPN1L","low,high","Resistant",14,14,0.96875,0.12719,0.2504,1,1,0.22222,0.22222,0.00581749560298506,Inf,0.0164512859347647,"-Inf:Inf"
"TUFT1,PRPF40A","low,high","Sensitive",18,17,0.94444,0.1579,0.30357,1,1,0.28125,0.26562,0.00669254226607848,16.734375,0.0140926139564777,"2.295:122.001"
"TUFT1,RAB28","low,high","Sensitive",14,14,1,0.11811,0.23381,1,1,0.21875,0.21875,0.00744639437182087,Inf,0.0213368733638946,"-Inf:Inf"
"SERINC3,TGFB2","low,low","Sensitive",14,14,1,0.12281,0.24138,1,1,0.21875,0.21875,0.00744639437182087,Inf,0.0213368733638946,"-Inf:Inf"
"TUFT1,EGFR","high,high","Resistant",17,16,0.95133,0.15205,0.28953,1,1,0.26984,0.25397,0.0110547721994059,16.2539682539683,0.0205993925229129,"2.222:118.92"
"INTS6,ROPN1L","low,high","Resistant",17,16,0.94698,0.1496,0.28582,1,1,0.26984,0.25397,0.0110547721994059,16.2539682539683,0.0205993925229129,"2.222:118.92"
"PIGV,TUFT1","high,high","Resistant",13,13,0.93667,0.11734,0.22336,1,1,0.20635,0.20635,0.0132638899748059,Inf,0.0320921035648181,"-Inf:Inf"
"WASF3,STOML2","low,low","Resistant",13,13,1,0.11111,0.22921,1,1,0.20635,0.20635,0.0132638899748059,Inf,0.0320921035648181,"-Inf:Inf"
"TUFT1,RPL41","high,low","Resistant",13,13,1,0.11403,0.23214,1,1,0.20635,0.20635,0.0132638899748059,Inf,0.0320921035648181,"-Inf:Inf"
"RAB28,GLB1L","medium,high","Resistant",13,13,1,0.11403,0.20635,1,1,0.20635,0.20635,0.0132638899748059,Inf,0.0320921035648181,"-Inf:Inf"
"TUFT1,GLB1L","high,high","Resistant",13,13,1,0.11403,0.20635,1,1,0.20635,0.20635,0.0132638899748059,Inf,0.0320921035648181,"-Inf:Inf"
"INTS6,C16orf58","high,low","Sensitive",17,16,0.94118,0.1453,0.27119,1,1,0.26562,0.25,0.0145319120013336,15.75,0.0274368972833976,"2.153:115.233"
"SLFN11,PRPF40A","high,high","Sensitive",13,13,1,0.11403,0.22414,1,1,0.20312,0.20312,0.0166448815370113,Inf,0.0408119039941977,"-Inf:Inf"
"C16orf58,LARP4","low,high","Sensitive",13,13,1,0.11403,0.21667,1,1,0.20312,0.20312,0.0166448815370113,Inf,0.0408119039941977,"-Inf:Inf"
"RPL41,CLDN18","high,low","Sensitive",13,13,1,0.11403,0.21667,1,1,0.20312,0.20312,0.0166448815370113,Inf,0.0408119039941977,"-Inf:Inf"
"WASF3,PCOLCE2","high,high","Sensitive",13,13,1,0.11403,0.21667,1,1,0.20312,0.20312,0.0166448815370113,Inf,0.0408119039941977,"-Inf:Inf"
"KIF21B,PPP1R32","high,low","Sensitive",13,13,1,0.11403,0.21667,1,1,0.20312,0.20312,0.0166448815370113,Inf,0.0408119039941977,"-Inf:Inf"
"SSBP1,C16orf58","high,low","Sensitive",13,13,1,0.11403,0.22414,1,1,0.20312,0.20312,0.0166448815370113,Inf,0.0408119039941977,"-Inf:Inf"
"SERINC3,GLB1L","low,medium","Sensitive",13,13,1,0.11111,0.22034,1,1,0.20312,0.20312,0.0166448815370113,Inf,0.0408119039941977,"-Inf:Inf"
"SSBP1,WASF3","low,low","Resistant",16,15,0.94607,0.13862,0.26675,1,1,0.25397,0.2381,0.0241451808654865,15.2380952380952,0.0405144809177869,"2.074:111.936"
"C16orf58,STOML2","high,low","Resistant",16,15,0.9375,0.14035,0.26786,1,1,0.25397,0.2381,0.0241451808654865,15.2380952380952,0.0405144809177869,"2.074:111.936"
"AQR,SSBP1","low,low","Resistant",16,15,0.9375,0.14035,0.26786,1,1,0.25397,0.2381,0.0241451808654865,15.2380952380952,0.0405144809177869,"2.074:111.936"
"PXMP4,SERINC3","high,high","Resistant",16,15,0.9375,0.14035,0.26786,1,1,0.25397,0.2381,0.0241451808654865,15.2380952380952,0.0405144809177869,"2.074:111.936"
"SSBP1,CLDN18","low,medium","Resistant",12,12,1,0.10088,0.20137,1,1,0.19048,0.19048,0.0299087715118172,Inf,0.0620636437656839,"-Inf:Inf"
"EGFR,SLFN11","high,low","Resistant",12,12,1,0.10526,0.21053,1,1,0.19048,0.19048,0.0299087715118172,Inf,0.0620636437656839,"-Inf:Inf"
"TUFT1,LARP4","high,low","Resistant",12,12,1,0.10526,0.21429,1,1,0.19048,0.19048,0.0299087715118172,Inf,0.0620636437656839,"-Inf:Inf"
"PPP1R32,TRABD","high,low","Resistant",12,12,1,0.10526,0.19048,1,1,0.19048,0.19048,0.0299087715118172,Inf,0.0620636437656839,"-Inf:Inf"
"SERINC3,PPP1R32","high,high","Resistant",12,12,1,0.10526,0.22222,1,1,0.19048,0.19048,0.0299087715118172,Inf,0.0620636437656839,"-Inf:Inf"
"EGFR,PCDHB16","high,high","Resistant",12,12,1,0.10526,0.22222,1,1,0.19048,0.19048,0.0299087715118172,Inf,0.0620636437656839,"-Inf:Inf"
"ROPN1L,MSH2","low,high","Sensitive",16,15,0.9375,0.14035,0.25424,1,1,0.25,0.23438,0.0310952862318846,14.765625,0.0528774912931336,"2.01:108.466"
"SGCE,TUFT1","low,low","Sensitive",16,15,0.9375,0.14035,0.26316,1,1,0.25,0.23438,0.0310952862318846,14.765625,0.0528774912931336,"2.01:108.466"
"C16orf58,PRPF40A","low,high","Sensitive",16,15,0.95817,0.13915,0.27385,1,1,0.25,0.23438,0.0310952862318846,14.765625,0.0528774912931336,"2.01:108.466"
"KIF21B,PRPF40A","high,high","Sensitive",16,15,0.9375,0.13675,0.25424,1,1,0.25,0.23438,0.0310952862318846,14.765625,0.0528774912931336,"2.01:108.466"
"PCOLCE2,MSH2","high,high","Sensitive",12,12,1,0.10526,0.20155,1,1,0.1875,0.1875,0.0368107957068519,Inf,0.0774150844164898,"-Inf:Inf"
"PXMP4,SH3GLB1","low,low","Sensitive",12,12,1,0.10902,0.21746,1,1,0.1875,0.1875,0.0368107957068519,Inf,0.0774150844164898,"-Inf:Inf"
"TRABD,MSH2","high,high","Sensitive",12,12,1,0.10526,0.20339,1,1,0.1875,0.1875,0.0368107957068519,Inf,0.0774150844164898,"-Inf:Inf"
"PXMP4,PRPF40A","low,high","Sensitive",12,12,1,0.10928,0.21896,1,1,0.1875,0.1875,0.0368107957068519,Inf,0.0774150844164898,"-Inf:Inf"
"PRPF40A,TTC30A","high,medium","Sensitive",12,12,1,0.10331,0.20822,1,1,0.1875,0.1875,0.0368107957068519,Inf,0.0774150844164898,"-Inf:Inf"
"KIF21B,STOML2","high,high","Sensitive",12,12,1,0.10965,0.21748,1,1,0.1875,0.1875,0.0368107957068519,Inf,0.0774150844164898,"-Inf:Inf"
"PXMP4,C16orf58","low,low","Sensitive",12,12,0.95833,0.10526,0.21129,1,1,0.1875,0.1875,0.0368107957068519,Inf,0.0774150844164898,"-Inf:Inf"
"KIF21B,TUFT1","high,low","Sensitive",12,12,0.93003,0.10928,0.20384,1,1,0.1875,0.1875,0.0368107957068519,Inf,0.0774150844164898,"-Inf:Inf"
"STOML2,PRPF40A","high,high","Sensitive",12,12,1,0.10526,0.21053,1,1,0.1875,0.1875,0.0368107957068519,Inf,0.0774150844164898,"-Inf:Inf"
"EGFR,PCOLCE2","low,high","Sensitive",12,12,1,0.10526,0.2,1,1,0.1875,0.1875,0.0368107957068519,Inf,0.0774150844164898,"-Inf:Inf"
"TUFT1,ROPN1L","low,low","Sensitive",12,12,1,0.10526,0.2,1,1,0.1875,0.1875,0.0368107957068519,Inf,0.0774150844164898,"-Inf:Inf"
"PCOLCE2,PCDH7","high,low","Sensitive",12,12,1,0.10526,0.2,1,1,0.1875,0.1875,0.0368107957068519,Inf,0.0774150844164898,"-Inf:Inf"
"TUFT1,TRABD","low,high","Sensitive",12,12,1,0.10526,0.2,1,1,0.1875,0.1875,0.0368107957068519,Inf,0.0774150844164898,"-Inf:Inf"
"SPATA24,MSH2","low,high","Sensitive",12,12,1,0.10526,0.2,1,1,0.1875,0.1875,0.0368107957068519,Inf,0.0774150844164898,"-Inf:Inf"
"KIF21B,TRMU","high,high","Sensitive",12,12,1,0.10256,0.20339,1,1,0.1875,0.1875,0.0368107957068519,Inf,0.0774150844164898,"-Inf:Inf"
"INTS6,TUFT1","low,high","Resistant",15,14,0.94276,0.12866,0.25014,1,1,0.2381,0.22222,0.0519456023310786,14.2222222222222,0.0788858836258535,"1.927:104.954"
"AQR,GLB1L","low,high","Resistant",15,14,0.9,0.13158,0.22718,1,1,0.2381,0.22222,0.0519456023310786,14.2222222222222,0.0788858836258535,"1.927:104.954"
"SSBP1,BPIFB1","low,medium","Resistant",15,14,0.93333,0.13158,0.22222,1,1,0.2381,0.22222,0.0519456023310786,14.2222222222222,0.0788858836258535,"1.927:104.954"
"KIF21B,TANGO2","low,high","Resistant",15,14,0.93333,0.13158,0.25926,1,1,0.2381,0.22222,0.0519456023310786,14.2222222222222,0.0788858836258535,"1.927:104.954"
"SGCE,WASF3","high,low","Resistant",15,14,0.93333,0.12821,0.24138,1,1,0.2381,0.22222,0.0519456023310786,14.2222222222222,0.0788858836258535,"1.927:104.954"
"SSBP1,KIF21B","medium,high","Sensitive",15,14,0.93333,0.13158,0.24561,1,1,0.23438,0.21875,0.0655678088492191,13.78125,0.10092481387733,"1.867:101.699"
"C16orf58,TUFT1","high,high","Resistant",11,11,1,0.09451,0.19075,1,1,0.1746,0.1746,0.0667195672186692,Inf,0.11906980265182,"-Inf:Inf"
"ROPN1L,RAB28","high,medium","Resistant",11,11,1,0.09649,0.2,1,1,0.1746,0.1746,0.0667195672186692,Inf,0.11906980265182,"-Inf:Inf"
"EGFR,TTC30A","high,high","Resistant",11,11,1,0.09357,0.1897,1,1,0.1746,0.1746,0.0667195672186692,Inf,0.11906980265182,"-Inf:Inf"
"ROPN1L,LARP4","high,low","Resistant",11,11,1,0.09649,0.19643,1,1,0.1746,0.1746,0.0667195672186692,Inf,0.11906980265182,"-Inf:Inf"
"SERINC3,SPINK13","high,low","Resistant",11,11,1,0.09649,0.19643,1,1,0.1746,0.1746,0.0667195672186692,Inf,0.11906980265182,"-Inf:Inf"
"PCOLCE2,PRPF40A","low,low","Resistant",11,11,1,0.09649,0.19643,1,1,0.1746,0.1746,0.0667195672186692,Inf,0.11906980265182,"-Inf:Inf"
"SSBP1,TRMU","low,medium","Resistant",11,11,1,0.09649,0.19643,1,1,0.1746,0.1746,0.0667195672186692,Inf,0.11906980265182,"-Inf:Inf"
"TRABD,PRPF40A","high,high","Sensitive",11,11,1,0.09897,0.20094,1,1,0.17188,0.17188,0.0805670245659401,Inf,0.145722448735961,"-Inf:Inf"
"GLB1L,PRPF40A","medium,high","Sensitive",11,11,1,0.09611,0.19432,1,1,0.17188,0.17188,0.0805670245659401,Inf,0.145722448735961,"-Inf:Inf"
"EGFR,GSK3A","medium,high","Sensitive",11,11,1,0.09649,0.19298,1,1,0.17188,0.17188,0.0805670245659401,Inf,0.145722448735961,"-Inf:Inf"
"LYSMD2,PCOLCE2","low,high","Sensitive",11,11,1,0.09649,0.18333,1,1,0.17188,0.17188,0.0805670245659401,Inf,0.145722448735961,"-Inf:Inf"
"AQR,PIGV","medium,low","Sensitive",11,11,1,0.09649,0.18333,1,1,0.17188,0.17188,0.0805670245659401,Inf,0.145722448735961,"-Inf:Inf"
"WASF3,RAB28","medium,high","Sensitive",11,11,1,0.09649,0.18333,1,1,0.17188,0.17188,0.0805670245659401,Inf,0.145722448735961,"-Inf:Inf"
"SSBP1,STOML2","low,medium","Resistant",14,13,0.96429,0.11842,0.23222,1,1,0.22222,0.20635,0.110067016808477,13.2063492063492,0.152135594992194,"1.78:97.972"
"WASF3,TUFT1","low,high","Resistant",14,13,0.93722,0.12543,0.23714,1,1,0.22222,0.20635,0.110067016808477,13.2063492063492,0.152135594992194,"1.78:97.972"
"KIF21B,SGCE","low,high","Resistant",14,13,0.9282,0.12281,0.22783,1,1,0.22222,0.20635,0.110067016808477,13.2063492063492,0.152135594992194,"1.78:97.972"
"AQR,TUFT1","low,high","Resistant",14,13,0.92857,0.12281,0.23214,1,1,0.22222,0.20635,0.110067016808477,13.2063492063492,0.152135594992194,"1.78:97.972"
"KIF21B,RPL41","low,low","Resistant",14,13,0.92857,0.12281,0.22414,1,1,0.22222,0.20635,0.110067016808477,13.2063492063492,0.152135594992194,"1.78:97.972"
"ZNF207,TUFT1","low,high","Resistant",14,13,0.9282,0.12281,0.2318,1,1,0.22222,0.20635,0.110067016808477,13.2063492063492,0.152135594992194,"1.78:97.972"
"INTS6,KIF21B","low,low","Resistant",14,13,0.92857,0.12281,0.24074,1,1,0.22222,0.20635,0.110067016808477,13.2063492063492,0.152135594992194,"1.78:97.972"
"PCOLCE2,PRPF40A","high,high","Sensitive",14,13,0.95556,0.12281,0.23825,1,1,0.21875,0.20312,0.136225214684487,12.796875,0.190862976924126,"1.725:94.934"
"LARP4,STOML2","high,high","Sensitive",14,13,0.92857,0.12281,0.22414,1,1,0.21875,0.20312,0.136225214684487,12.796875,0.190862976924126,"1.725:94.934"
"ROPN1L,PRPF40A","low,high","Sensitive",14,13,0.95139,0.12281,0.24007,1,1,0.21875,0.20312,0.136225214684487,12.796875,0.190862976924126,"1.725:94.934"
"TUFT1,SPATA24","high,high","Resistant",10,10,1,0.08659,0.17455,1,1,0.15873,0.15873,0.147286591784609,Inf,0.226784583900367,"-Inf:Inf"
"INTS6,STOML2","low,low","Resistant",10,10,1,0.08772,0.17857,1,1,0.15873,0.15873,0.147286591784609,Inf,0.226784583900367,"-Inf:Inf"
"ROPN1L,SPATA24","high,medium","Resistant",10,10,1,0.08772,0.17857,1,1,0.15873,0.15873,0.147286591784609,Inf,0.226784583900367,"-Inf:Inf"
"ROPN1L,RPL41","high,low","Resistant",10,10,1,0.08772,0.17857,1,1,0.15873,0.15873,0.147286591784609,Inf,0.226784583900367,"-Inf:Inf"
"SERINC3,ROPN1L","medium,high","Resistant",10,10,1,0.08772,0.17241,1,1,0.15873,0.15873,0.147286591784609,Inf,0.226784583900367,"-Inf:Inf"
"RPL41,GSK3A","low,low","Resistant",10,10,1,0.08772,0.17241,1,1,0.15873,0.15873,0.147286591784609,Inf,0.226784583900367,"-Inf:Inf"
"INTS6,PCDHB16","low,low","Resistant",10,10,1,0.08772,0.15873,1,1,0.15873,0.15873,0.147286591784609,Inf,0.226784583900367,"-Inf:Inf"
"SSBP1,RAB28","low,medium","Resistant",10,10,1,0.08772,0.15873,1,1,0.15873,0.15873,0.147286591784609,Inf,0.226784583900367,"-Inf:Inf"
"TUFT1,PPP1R32","high,high","Resistant",10,10,1,0.08772,0.15873,1,1,0.15873,0.15873,0.147286591784609,Inf,0.226784583900367,"-Inf:Inf"
"SSBP1,TANGO2","low,high","Resistant",10,10,1,0.08772,0.18518,1,1,0.15873,0.15873,0.147286591784609,Inf,0.226784583900367,"-Inf:Inf"
"WASF3,PCDHB16","high,medium","Sensitive",10,10,1,0.08772,0.16949,1,1,0.15625,0.15625,0.174561886559537,Inf,0.272399562035308,"-Inf:Inf"
"BPIFB1,C16orf58","high,low","Sensitive",10,10,0.90278,0.09211,0.16379,1,1,0.15625,0.15625,0.174561886559537,Inf,0.272399562035308,"-Inf:Inf"
"BPIFB1,GSK3A","high,high","Sensitive",10,10,1,0.08772,0.16667,1,1,0.15625,0.15625,0.174561886559537,Inf,0.272399562035308,"-Inf:Inf"
"INTS6,TRMU","high,high","Sensitive",10,10,1,0.08547,0.16949,1,1,0.15625,0.15625,0.174561886559537,Inf,0.272399562035308,"-Inf:Inf"
"SSBP1,KIF21B","low,low","Resistant",13,12,0.96154,0.11403,0.21227,1,1,0.20635,0.19048,0.229647349955953,12.1904761904762,0.290752463198472,"1.633:90.992"
"SERINC3,LARP4","high,low","Resistant",13,12,0.92308,0.11403,0.21818,1,1,0.20635,0.19048,0.229647349955953,12.1904761904762,0.290752463198472,"1.633:90.992"
"ZNF207,ROPN1L","low,high","Resistant",13,12,0.92308,0.11403,0.21254,1,1,0.20635,0.19048,0.229647349955953,12.1904761904762,0.290752463198472,"1.633:90.992"
"PIGV,SERINC3","high,high","Resistant",13,12,0.92308,0.11111,0.2069,1,1,0.20635,0.19048,0.229647349955953,12.1904761904762,0.290752463198472,"1.633:90.992"
"ZNF207,SERINC3","low,high","Resistant",16,14,0.93376,0.13394,0.25766,1,1,0.25397,0.22222,0.246548552590224,7.11111111111111,0.29839858919084,"1.685:30.019"
"PXMP4,MSH2","low,high","Sensitive",13,12,0.94841,0.11403,0.21039,1,1,0.20312,0.1875,0.278801765744939,11.8125,0.357813501302164,"1.583:88.171"
"SERINC3,LYSMD2","low,low","Sensitive",13,12,0.92398,0.11623,0.2141,1,1,0.20312,0.1875,0.278801765744939,11.8125,0.357813501302164,"1.583:88.171"
"SGCE,MSH2","medium,high","Sensitive",13,12,0.92308,0.11403,0.20339,1,1,0.20312,0.1875,0.278801765744939,11.8125,0.357813501302164,"1.583:88.171"
"C16orf58,ROPN1L","low,medium","Sensitive",13,12,0.92308,0.11403,0.2069,1,1,0.20312,0.1875,0.278801765744939,11.8125,0.357813501302164,"1.583:88.171"
"ZNF207,PRPF40A","high,high","Sensitive",13,12,0.92308,0.11403,0.21429,1,1,0.20312,0.1875,0.278801765744939,11.8125,0.357813501302164,"1.583:88.171"
"C16orf58,PCDH7","low,low","Sensitive",13,12,0.92308,0.11403,0.2,1,1,0.20312,0.1875,0.278801765744939,11.8125,0.357813501302164,"1.583:88.171"
"INTS6,SERINC3","medium,low","Sensitive",13,12,0.92308,0.11111,0.20339,1,1,0.20312,0.1875,0.278801765744939,11.8125,0.357813501302164,"1.583:88.171"
"ZNF207,C16orf58","high,low","Sensitive",16,14,0.93542,0.13596,0.24569,1,1,0.25,0.21875,0.30687546717056,6.890625,0.376556104593537,"1.632:29.088"
"LYSMD2,SH3GLB1","medium,medium","Resistant",9,9,1,0.07895,0.1579,1,1,0.14286,0.14286,0.321848478344146,Inf,0.42918972315971,"-Inf:Inf"
"INTS6,SPINK13","low,low","Resistant",9,9,1,0.07895,0.16667,1,1,0.14286,0.14286,0.321848478344146,Inf,0.42918972315971,"-Inf:Inf"
"INTS6,PCOLCE2","low,low","Resistant",9,9,1,0.07895,0.16667,1,1,0.14286,0.14286,0.321848478344146,Inf,0.42918972315971,"-Inf:Inf"
"BPIFB1,RPL41","low,low","Resistant",9,9,1,0.07895,0.16071,1,1,0.14286,0.14286,0.321848478344146,Inf,0.42918972315971,"-Inf:Inf"
"STOML2,MSH2","high,high","Sensitive",9,9,1,0.07895,0.15254,1,1,0.14062,0.14062,0.374514592982279,Inf,0.50609966095868,"-Inf:Inf"
"KIF21B,PCOLCE2","high,high","Sensitive",9,9,1,0.07895,0.15742,1,1,0.14062,0.14062,0.374514592982279,Inf,0.50609966095868,"-Inf:Inf"
"ZNF207,KIF21B","high,high","Sensitive",9,9,1,0.07895,0.15254,1,1,0.14062,0.14062,0.374514592982279,Inf,0.50609966095868,"-Inf:Inf"
"STOML2,H2AC20","high,high","Sensitive",9,9,1,0.07895,0.15517,1,1,0.14062,0.14062,0.374514592982279,Inf,0.50609966095868,"-Inf:Inf"
"C16orf58,TRABD","low,medium","Sensitive",9,9,1,0.07895,0.15517,1,1,0.14062,0.14062,0.374514592982279,Inf,0.50609966095868,"-Inf:Inf"
"INTS6,PCOLCE2","medium,high","Sensitive",9,9,1,0.07895,0.15,1,1,0.14062,0.14062,0.374514592982279,Inf,0.50609966095868,"-Inf:Inf"
"KIF21B,RAB28","high,medium","Sensitive",9,9,1,0.07895,0.15,1,1,0.14062,0.14062,0.374514592982279,Inf,0.50609966095868,"-Inf:Inf"
"SPATA24,TANGO2","high,low","Sensitive",9,9,1,0.07895,0.15,1,1,0.14062,0.14062,0.374514592982279,Inf,0.50609966095868,"-Inf:Inf"
"INTS6,SERINC3","low,medium","Resistant",12,11,0.91667,0.10526,0.2037,1,1,0.19048,0.1746,0.471638319994041,11.1746031746032,0.550944909321723,"1.486:84.015"
"C16orf58,TUFT1","medium,high","Resistant",12,11,0.91667,0.10526,0.19643,1,1,0.19048,0.1746,0.471638319994041,11.1746031746032,0.550944909321723,"1.486:84.015"
"INTS6,C16orf58","low,medium","Resistant",12,11,0.91667,0.10256,0.18965,1,1,0.19048,0.1746,0.471638319994041,11.1746031746032,0.550944909321723,"1.486:84.015"
"PXMP4,TUFT1","low,low","Sensitive",12,11,0.93017,0.10331,0.1895,1,1,0.1875,0.17188,0.561885542015909,10.828125,0.66532008238877,"1.44:81.41"
"TUFT1,EGFR","low,medium","Sensitive",12,11,0.93159,0.10117,0.19024,1,1,0.1875,0.17188,0.561885542015909,10.828125,0.66532008238877,"1.44:81.41"
"INTS6,SERINC3","high,low","Sensitive",12,11,0.91667,0.10391,0.18971,1,1,0.1875,0.17188,0.561885542015909,10.828125,0.66532008238877,"1.44:81.41"
"KIF21B,RPL41","high,high","Sensitive",12,11,0.95455,0.10088,0.18621,1,1,0.1875,0.17188,0.561885542015909,10.828125,0.66532008238877,"1.44:81.41"
"PIGV,TRABD","low,high","Sensitive",12,11,0.9331,0.10297,0.19419,1,1,0.1875,0.17188,0.561885542015909,10.828125,0.66532008238877,"1.44:81.41"
"PCOLCE2,H2AC20","medium,high","Sensitive",12,11,0.91667,0.10526,0.19643,1,1,0.1875,0.17188,0.561885542015909,10.828125,0.66532008238877,"1.44:81.41"
"LYSMD2,GLB1L","low,medium","Sensitive",12,11,0.91667,0.10526,0.18965,1,1,0.1875,0.17188,0.561885542015909,10.828125,0.66532008238877,"1.44:81.41"
"BPIFB1,GLB1L","high,medium","Sensitive",12,11,0.91667,0.10526,0.18965,1,1,0.1875,0.17188,0.561885542015909,10.828125,0.66532008238877,"1.44:81.41"
"INTS6,PRPF40A","low,medium","Resistant",8,8,0.88194,0.07456,0.13283,1,1,0.12698,0.12698,0.696363071326426,Inf,0.807913059590356,"-Inf:Inf"
"PCOLCE2,SPINK13","low,high","Resistant",8,8,0.9375,0.07366,0.1407,1,1,0.12698,0.12698,0.696363071326426,Inf,0.807913059590356,"-Inf:Inf"
"BPIFB1,SERINC3","medium,high","Resistant",8,8,1,0.07456,0.15443,1,1,0.12698,0.12698,0.696363071326426,Inf,0.807913059590356,"-Inf:Inf"
"PXMP4,TRMU","low,high","Sensitive",8,8,1,0.07456,0.15053,1,1,0.125,0.125,0.795843510087346,Inf,0.935544793107361,"-Inf:Inf"
"AQR,TRMU","medium,high","Sensitive",8,8,0.88026,0.074,0.12843,1,1,0.125,0.125,0.795843510087346,Inf,0.935544793107361,"-Inf:Inf"
"PCDH7,TRMU","medium,high","Sensitive",8,8,1,0.07018,0.14286,1,1,0.125,0.125,0.795843510087346,Inf,0.935544793107361,"-Inf:Inf"
"TUFT1,TRIM38","low,medium","Sensitive",8,8,1,0.07018,0.13333,1,1,0.125,0.125,0.795843510087346,Inf,0.935544793107361,"-Inf:Inf"
"AQR,GLB1L","high,medium","Sensitive",8,8,1,0.07018,0.13333,1,1,0.125,0.125,0.795843510087346,Inf,0.935544793107361,"-Inf:Inf"
"RAB28,TANGO2","high,medium","Sensitive",8,8,1,0.06838,0.13559,1,1,0.125,0.125,0.795843510087346,Inf,0.935544793107361,"-Inf:Inf"
"PRPF40A,DDX6","high,low","Sensitive",8,8,1,0.06838,0.13559,1,1,0.125,0.125,0.795843510087346,Inf,0.935544793107361,"-Inf:Inf"
"C16orf58,AC116913.1","high,high","Resistant",11,10,0.90909,0.09649,0.17857,1,1,0.1746,0.15873,0.952956837444009,10.1587301587302,1,"1.34:77.039"
"BPIFB1,PCOLCE2","low,low","Resistant",11,10,0.90909,0.09649,0.18518,1,1,0.1746,0.15873,0.952956837444009,10.1587301587302,1,"1.34:77.039"
"SGCE,CLDN18","high,high","Resistant",11,10,0.90909,0.09649,0.17857,1,1,0.1746,0.15873,0.952956837444009,10.1587301587302,1,"1.34:77.039"
"AQR,MSH2","medium,high","Sensitive",7,6,0.85714,0.0614,0.10169,1,1,0.10938,0.09375,1,5.90625,1,"0.732:47.667"
"C16orf58,PCOLCE2","low,medium","Sensitive",14,12,0.92582,0.11842,0.21362,1,1,0.21875,0.1875,1,5.90625,1,"1.377:25.33"
"EGFR,MSH2","medium,high","Sensitive",7,7,1,0.06095,0.1228,1,1,0.10938,0.10938,1,Inf,1,"-Inf:Inf"
"SGCE,SERINC3","high,low","Resistant",5,5,0.87778,0.04678,0.08274,1,1,0.07937,0.07937,1,Inf,1,"-Inf:Inf"
"SGCE,SH3GLB1","high,low","Sensitive",5,5,1,0.04386,0.08475,1,1,0.07812,0.07812,1,Inf,1,"-Inf:Inf"
"TTC30A,DDX6","medium,medium","Sensitive",9,6,0.66667,0.07895,0.10169,1,1,0.14062,0.09375,1,1.96875,1,"0.515:7.53"
"BPIFB1,TUFT1","low,high","Resistant",8,7,0.87302,0.06916,0.12351,1,1,0.12698,0.11111,1,7.11111111111111,1,"0.901:56.141"
"PIGV,SGCE","low,high","Resistant",8,6,0.80357,0.06579,0.10627,1,1,0.12698,0.09524,1,3.04761904761905,1,"0.639:14.533"
"SERINC3,ROPN1L","low,medium","Sensitive",7,7,1,0.0634,0.12714,1,1,0.10938,0.10938,1,Inf,1,"-Inf:Inf"
"PIGV,SH3GLB1","medium,low","Sensitive",7,6,0.85714,0.0614,0.10169,1,1,0.10938,0.09375,1,5.90625,1,"0.732:47.667"
"INTS6,SH3GLB1","medium,low","Sensitive",10,9,0.9,0.08772,0.15254,1,1,0.15625,0.14062,1,8.859375,1,"1.156:67.895"
"LYSMD2,C16orf58","low,low","Sensitive",9,8,0.92963,0.07895,0.1429,1,1,0.14062,0.125,1,7.875,1,"1.014:61.145"
"KIF21B,TUFT1","medium,low","Sensitive",10,8,0.89444,0.08333,0.14674,1,1,0.15625,0.125,1,3.9375,1,"0.87:17.823"
"PXMP4,STOML2","medium,high","Sensitive",10,9,0.92727,0.08772,0.15943,1,1,0.15625,0.14062,1,8.859375,1,"1.156:67.895"
"SERINC3,TUFT1","medium,low","Sensitive",11,10,0.90909,0.09649,0.16949,1,1,0.17188,0.15625,1,9.84375,1,"1.298:74.651"
"TUFT1,TTC30A","high,medium","Resistant",7,7,1,0.0614,0.12727,1,1,0.11111,0.11111,1,Inf,1,"-Inf:Inf"
"SERINC3,TRIM38","low,medium","Sensitive",6,6,1,0.05263,0.10345,1,1,0.09375,0.09375,1,Inf,1,"-Inf:Inf"
"BPIFB1,SERINC3","high,low","Sensitive",8,7,0.89722,0.07018,0.12791,1,1,0.125,0.10938,1,6.890625,1,"0.873:54.401"
"ZNF207,SERINC3","low,low","Sensitive",8,7,0.89583,0.06991,0.12642,1,1,0.125,0.10938,1,6.890625,1,"0.873:54.401"
"EGFR,LARP4","high,high","Resistant",7,7,1,0.0632,0.12661,1,1,0.11111,0.11111,1,Inf,1,"-Inf:Inf"
"STOML2,AC116913.1","high,low","Sensitive",8,7,0.875,0.07018,0.12069,1,1,0.125,0.10938,1,6.890625,1,"0.873:54.401"
"SPATA24,TRIM38","medium,medium","Sensitive",8,4,0.5,0.07018,0.07143,1,1,0.125,0.0625,1,0.984375,1,"0.257:3.765"
"WASF3,TGFB2","high,high","Resistant",5,5,1,0.04386,0.08929,1,1,0.07937,0.07937,1,Inf,1,"-Inf:Inf"
"AQR,TGFB2","high,high","Resistant",6,5,0.83333,0.05263,0.08929,1,1,0.09524,0.07937,1,5.07936507936508,1,"0.61:42.261"
"SERINC3,TRABD","low,medium","Sensitive",11,10,0.90909,0.09649,0.17241,1,1,0.17188,0.15625,1,9.84375,1,"1.298:74.651"
"PCOLCE2,TGFB2","low,high","Resistant",10,9,0.9,0.08772,0.16071,1,1,0.15873,0.14286,1,9.14285714285714,1,"1.193:70.068"
"H2AC20,TGFB2","high,high","Resistant",4,4,1,0.03509,0.07143,1,1,0.06349,0.06349,1,Inf,1,"-Inf:Inf"
"SGCE,MSH2","high,high","Resistant",5,5,1,0.04144,0.08503,1,1,0.07937,0.07937,1,Inf,1,"-Inf:Inf"
"SSBP1,SERINC3","low,low","Sensitive",6,5,0.83333,0.05263,0.08621,1,1,0.09375,0.07812,1,4.921875,1,"0.592:40.95"
"INTS6,PCDH7","low,high","Resistant",10,9,0.9,0.08772,0.16071,1,1,0.15873,0.14286,1,9.14285714285714,1,"1.193:70.068"
"SERINC3,C16orf58","low,high","Sensitive",5,4,0.8,0.04386,0.06897,1,1,0.07812,0.0625,1,3.9375,1,"0.452:34.263"
"LYSMD2,C16orf58","medium,high","Resistant",9,8,0.88889,0.07895,0.14286,1,1,0.14286,0.12698,1,8.12698412698413,1,"1.047:63.101"
"PRPF40A,TGFB2","high,high","Resistant",1,1,1,0.00877,0.01786,1,1,0.01587,0.01587,1,Inf,1,"-Inf:Inf"
"KIF21B,EGFR","high,medium","Sensitive",8,7,0.875,0.07018,0.12281,1,1,0.125,0.10938,1,6.890625,1,"0.873:54.401"
"AQR,ROPN1L","low,high","Resistant",9,8,0.88889,0.07895,0.14035,1,1,0.14286,0.12698,1,8.12698412698413,1,"1.047:63.101"
"ZNF207,WASF3","high,low","Resistant",6,5,0.83333,0.05263,0.08772,1,1,0.09524,0.07937,1,5.07936507936508,1,"0.61:42.261"
"SERINC3,EGFR","high,low","Resistant",1,1,1,0.00873,0.0178,1,1,0.01587,0.01587,1,Inf,1,"-Inf:Inf"
"ZNF207,PCOLCE2","medium,low","Resistant",8,7,0.8963,0.06725,0.11909,1,1,0.12698,0.11111,1,7.11111111111111,1,"0.901:56.141"
"TUFT1,GLB1L","low,low","Sensitive",11,10,0.925,0.0975,0.1816,1,1,0.17188,0.15625,1,9.84375,1,"1.298:74.651"
"RAB28,PRPF40A","low,high","Sensitive",7,6,0.85714,0.0614,0.10526,1,1,0.10938,0.09375,1,5.90625,1,"0.732:47.667"
"BPIFB1,WASF3","low,low","Resistant",10,9,0.9,0.08772,0.1579,1,1,0.15873,0.14286,1,9.14285714285714,1,"1.193:70.068"
"ZNF207,EGFR","medium,high","Resistant",9,8,0.91667,0.07675,0.13835,1,1,0.14286,0.12698,1,8.12698412698413,1,"1.047:63.101"
"SSBP1,SERINC3","medium,high","Resistant",8,7,0.875,0.07018,0.12281,1,1,0.12698,0.11111,1,7.11111111111111,1,"0.901:56.141"
"SGCE,SERINC3","medium,low","Sensitive",12,10,0.91288,0.10088,0.18593,1,1,0.1875,0.15625,1,4.921875,1,"1.123:21.574"
"PXMP4,H2AC20","low,high","Sensitive",12,10,0.91288,0.10088,0.18411,1,1,0.1875,0.15625,1,4.921875,1,"1.123:21.574"
"PXMP4,SGCE","medium,high","Resistant",10,9,0.9245,0.08491,0.15779,1,1,0.15873,0.14286,1,9.14285714285714,1,"1.193:70.068"
"SSBP1,PPP1R32","medium,medium","Resistant",8,5,0.625,0.07018,0.08929,1,1,0.12698,0.07937,1,1.69312169312169,1,"0.422:6.787"
"AQR,TUFT1","medium,low","Sensitive",7,6,0.92857,0.0614,0.11207,1,1,0.10938,0.09375,1,5.90625,1,"0.732:47.667"
"PXMP4,TUFT1","medium,low","Sensitive",11,10,0.90909,0.09649,0.17241,1,1,0.17188,0.15625,1,9.84375,1,"1.298:74.651"
"ROPN1L,CNTN3","high,medium","Resistant",6,6,1,0.05263,0.10714,1,1,0.09524,0.09524,1,Inf,1,"-Inf:Inf"
"SGCE,GLB1L","high,low","Resistant",9,8,0.94444,0.07895,0.14901,1,1,0.14286,0.12698,1,8.12698412698413,1,"1.047:63.101"
"PIGV,SERINC3","low,medium","Sensitive",7,6,0.8631,0.06373,0.11325,1,1,0.10938,0.09375,1,5.90625,1,"0.732:47.667"
"H2AC20,RPL41","high,high","Sensitive",11,10,0.90909,0.09649,0.17857,1,1,0.17188,0.15625,1,9.84375,1,"1.298:74.651"
"SSBP1,TANGO2","medium,medium","Sensitive",7,5,0.71429,0.0614,0.08929,1,1,0.10938,0.07812,1,2.4609375,1,"0.496:12.22"
"KIF21B,MSH2","low,high","Sensitive",6,6,1,0.05263,0.10714,1,1,0.09375,0.09375,1,Inf,1,"-Inf:Inf"
"SSBP1,SGCE","medium,high","Resistant",7,6,0.85714,0.0614,0.10345,1,1,0.11111,0.09524,1,6.09523809523809,1,"0.755:49.192"
"TUFT1,MSH2","low,medium","Sensitive",9,8,0.88472,0.07625,0.13944,1,1,0.14062,0.125,1,7.875,1,"1.014:61.145"
"SGCE,TANGO2","low,high","Resistant",7,6,0.85714,0.0614,0.10345,1,1,0.11111,0.09524,1,6.09523809523809,1,"0.755:49.192"
"C16orf58,TANGO2","low,medium","Sensitive",10,9,0.95,0.08333,0.16324,1,1,0.15625,0.14062,1,8.859375,1,"1.156:67.895"
"PIGV,SSBP1","low,low","Resistant",6,5,0.83333,0.05263,0.07937,1,1,0.09524,0.07937,1,5.07936507936508,1,"0.61:42.261"
"SPATA24,SPINK13","medium,medium","Sensitive",7,4,0.57143,0.0614,0.07843,1,1,0.10938,0.0625,1,1.3125,1,"0.306:5.629"
"KIF21B,C16orf58","high,low","Sensitive",11,9,0.81818,0.09649,0.17647,1,1,0.17188,0.14062,1,4.4296875,1,"0.996:19.698"
"EGFR,SPINK13","high,high","Resistant",7,7,1,0.0614,0.12963,1,1,0.11111,0.11111,1,Inf,1,"-Inf:Inf"
"TRABD,PRPF40A","medium,medium","Sensitive",8,4,0.5,0.07018,0.07407,1,1,0.125,0.0625,1,0.984375,1,"0.257:3.765"
"SGCE,PCOLCE2","medium,high","Sensitive",6,6,1,0.05263,0.1,1,1,0.09375,0.09375,1,Inf,1,"-Inf:Inf"
"WASF3,EGFR","high,high","Resistant",6,5,0.91667,0.04768,0.0894,1,1,0.09524,0.07937,1,5.07936507936508,1,"0.61:42.261"
"AQR,EGFR","high,high","Resistant",5,5,1,0.04386,0.09259,1,1,0.07937,0.07937,1,Inf,1,"-Inf:Inf"
"ROPN1L,MSH2","medium,high","Sensitive",7,7,1,0.0614,0.11667,1,1,0.10938,0.10938,1,Inf,1,"-Inf:Inf"
"ZNF207,MSH2","low,high","Sensitive",7,6,0.85714,0.0614,0.1,1,1,0.10938,0.09375,1,5.90625,1,"0.732:47.667"
"AQR,RAB28","low,high","Sensitive",7,6,0.85714,0.0614,0.1,1,1,0.10938,0.09375,1,5.90625,1,"0.732:47.667"
"ZNF207,SERINC3","medium,medium","Sensitive",9,6,0.66667,0.07895,0.1,1,1,0.14062,0.09375,1,1.96875,1,"0.515:7.53"
"INTS6,MSH2","medium,high","Sensitive",10,9,0.9,0.08772,0.15,1,1,0.15625,0.14062,1,8.859375,1,"1.156:67.895"
"LARP4,PCOLCE2","low,low","Resistant",9,8,0.88889,0.07895,0.14815,1,1,0.14286,0.12698,1,8.12698412698413,1,"1.047:63.101"
"RAB28,TRIM38","high,medium","Sensitive",6,6,1,0.05263,0.1,1,1,0.09375,0.09375,1,Inf,1,"-Inf:Inf"
"SSBP1,AC116913.1","low,medium","Resistant",7,7,1,0.0614,0.12963,1,1,0.11111,0.11111,1,Inf,1,"-Inf:Inf"
"MSH2,TRIM38","high,medium","Sensitive",7,7,1,0.0614,0.11667,1,1,0.10938,0.10938,1,Inf,1,"-Inf:Inf"
"PIGV,INTS6","high,high","Resistant",9,7,0.77778,0.07895,0.12963,1,1,0.14286,0.11111,1,3.55555555555556,1,"0.768:16.461"
"PXMP4,SSBP1","high,low","Resistant",10,9,0.9,0.08772,0.16071,1,1,0.15873,0.14286,1,9.14285714285714,1,"1.193:70.068"
"BPIFB1,SGCE","low,high","Resistant",9,8,0.88889,0.07895,0.14286,1,1,0.14286,0.12698,1,8.12698412698413,1,"1.047:63.101"
"GLB1L,PCOLCE2","medium,medium","Sensitive",7,7,1,0.0614,0.12069,1,1,0.10938,0.10938,1,Inf,1,"-Inf:Inf"
"TUFT1,SPINK13","low,low","Sensitive",7,6,0.85714,0.0614,0.10345,1,1,0.10938,0.09375,1,5.90625,1,"0.732:47.667"
"TUFT1,PPP1R32","medium,medium","Sensitive",6,5,0.83333,0.05128,0.08475,1,1,0.09375,0.07812,1,4.921875,1,"0.592:40.95"
"SGCE,PCDH7","high,low","Resistant",4,4,1,0.03419,0.06897,1,1,0.06349,0.06349,1,Inf,1,"-Inf:Inf"
"EGFR,H2AC20","high,high","Resistant",4,4,1,0.03419,0.06897,1,1,0.06349,0.06349,1,Inf,1,"-Inf:Inf"
